benchmark,impl,rep,seconds,checksum
map,tasks,1,0.031793,1032059.74409489
map,tasks,2,0.038141,1032059.74409489
map,tasks,3,0.031573,1032059.74409489
map,tasks,4,0.029181,1032059.74409489
map,tasks,5,0.030884,1032059.74409489
vecmul,tasks,1,0.165364,914953151783
vecmul,tasks,2,0.153570,914953151783
vecmul,tasks,3,0.157277,914953151783
vecmul,tasks,4,0.161125,914953151783
vecmul,tasks,5,0.163862,914953151783
reduction,tasks,1,0.170748,562949945033.194
reduction,tasks,2,0.167049,562949945033.194
reduction,tasks,3,0.174764,562949945033.194
reduction,tasks,4,0.170050,562949945033.194
reduction,tasks,5,0.173861,562949945033.194
matmul,tasks,1,0.040067,268531360.868891
matmul,tasks,2,0.047414,268531360.868891
matmul,tasks,3,0.038954,268531360.868891
matmul,tasks,4,0.041725,268531360.868891
matmul,tasks,5,0.046612,268531360.868891
