kernel,impl,threads,param,rep,seconds,checksum,extra
matmul,seq,1,n=2048,1,1.809900,2147105167.19786,17179869184
matmul,seq,1,n=2048,2,1.835918,2147105167.19786,17179869184
matmul,seq,1,n=2048,3,1.742072,2147105167.19786,17179869184
matmul,seq,1,n=2048,4,1.736903,2147105167.19786,17179869184
matmul,seq,1,n=2048,5,1.730624,2147105167.19786,17179869184
heat2d,seq,1,n=2048;iters=400,1,1.526409,2027995.35219993,8372232000
heat2d,seq,1,n=2048;iters=400,2,1.529098,2027995.35219993,8372232000
heat2d,seq,1,n=2048;iters=400,3,1.527195,2027995.35219993,8372232000
heat2d,seq,1,n=2048;iters=400,4,1.497286,2027995.35219993,8372232000
heat2d,seq,1,n=2048;iters=400,5,1.521870,2027995.35219993,8372232000
kmeans,seq,1,np=1000000;k=16;d=2,1,1.424121,,28095227.9677242
kmeans,seq,1,np=1000000;k=16;d=2,2,1.424931,,28095227.9677242
kmeans,seq,1,np=1000000;k=16;d=2,3,1.424276,,28095227.9677242
kmeans,seq,1,np=1000000;k=16;d=2,4,1.429094,,28095227.9677242
kmeans,seq,1,np=1000000;k=16;d=2,5,1.423440,,28095227.9677242
map,seq,1,nv=48;len=131072;reps=100,1,0.355651,3144590.43584463,629145600
map,seq,1,nv=48;len=131072;reps=100,2,0.358160,3144590.43584463,629145600
map,seq,1,nv=48;len=131072;reps=100,3,0.362782,3144590.43584463,629145600
map,seq,1,nv=48;len=131072;reps=100,4,0.381750,3144590.43584463,629145600
map,seq,1,nv=48;len=131072;reps=100,5,0.384757,3144590.43584463,629145600
reduction,seq,1,n=33554432;depth=10,1,0.350840,562949945033.194,335544320
reduction,seq,1,n=33554432;depth=10,2,0.338139,562949945033.194,335544320
reduction,seq,1,n=33554432;depth=10,3,0.351273,562949945033.194,335544320
reduction,seq,1,n=33554432;depth=10,4,0.352574,562949945033.194,335544320
reduction,seq,1,n=33554432;depth=10,5,0.339500,562949945033.194,335544320
sparselu,seq,1,n=8192;bs=256,1,0.461472,4629091.2652276,1968705634
sparselu,seq,1,n=8192;bs=256,2,0.463008,4629091.2652276,1968705634
sparselu,seq,1,n=8192;bs=256,3,0.464623,4629091.2652276,1968705634
sparselu,seq,1,n=8192;bs=256,4,0.476659,4629091.2652276,1968705634
sparselu,seq,1,n=8192;bs=256,5,0.467476,4629091.2652276,1968705634
vecmul,seq,1,nv=128;len=7168;reps=1000,1,0.241423,228994697142,917504000
vecmul,seq,1,nv=128;len=7168;reps=1000,2,0.225197,228994697142,917504000
vecmul,seq,1,nv=128;len=7168;reps=1000,3,0.227355,228994697142,917504000
vecmul,seq,1,nv=128;len=7168;reps=1000,4,0.229899,228994697142,917504000
vecmul,seq,1,nv=128;len=7168;reps=1000,5,0.227508,228994697142,917504000
matmul,omp,1,n=2048,1,1.867117,2147105167.19786,17179869184
matmul,omp,1,n=2048,2,1.864098,2147105167.19786,17179869184
matmul,omp,1,n=2048,3,1.861234,2147105167.19786,17179869184
matmul,omp,1,n=2048,4,1.858463,2147105167.19786,17179869184
matmul,omp,1,n=2048,5,1.864360,2147105167.19786,17179869184
heat2d,omp,1,n=2048;iters=400,1,1.547308,2027995.35219993,8372232000
heat2d,omp,1,n=2048;iters=400,2,1.548741,2027995.35219993,8372232000
heat2d,omp,1,n=2048;iters=400,3,1.548235,2027995.35219993,8372232000
heat2d,omp,1,n=2048;iters=400,4,1.546738,2027995.35219993,8372232000
heat2d,omp,1,n=2048;iters=400,5,1.540419,2027995.35219993,8372232000
kmeans,omp,1,np=1000000;k=16;d=2,1,1.595739,,28095227.9677242
kmeans,omp,1,np=1000000;k=16;d=2,2,1.593868,,28095227.9677242
kmeans,omp,1,np=1000000;k=16;d=2,3,1.596744,,28095227.9677242
kmeans,omp,1,np=1000000;k=16;d=2,4,1.599266,,28095227.9677242
kmeans,omp,1,np=1000000;k=16;d=2,5,1.641135,,28095227.9677242
map,omp,1,nv=48;len=131072;reps=100,1,0.374044,3144590.43584463,629145600
map,omp,1,nv=48;len=131072;reps=100,2,0.364586,3144590.43584463,629145600
map,omp,1,nv=48;len=131072;reps=100,3,0.363367,3144590.43584463,629145600
map,omp,1,nv=48;len=131072;reps=100,4,0.367187,3144590.43584463,629145600
map,omp,1,nv=48;len=131072;reps=100,5,0.361543,3144590.43584463,629145600
reduction,omp,1,n=33554432;depth=10,1,0.361419,562949945033.194,335544320
reduction,omp,1,n=33554432;depth=10,2,0.352726,562949945033.194,335544320
reduction,omp,1,n=33554432;depth=10,3,0.359601,562949945033.194,335544320
reduction,omp,1,n=33554432;depth=10,4,0.369795,562949945033.194,335544320
reduction,omp,1,n=33554432;depth=10,5,0.358275,562949945033.194,335544320
sparselu,omp,1,n=8192;bs=256,1,0.466915,4629091.2652276,1968705634
sparselu,omp,1,n=8192;bs=256,2,0.468836,4629091.2652276,1968705634
sparselu,omp,1,n=8192;bs=256,3,0.469151,4629091.2652276,1968705634
sparselu,omp,1,n=8192;bs=256,4,0.470520,4629091.2652276,1968705634
sparselu,omp,1,n=8192;bs=256,5,0.468125,4629091.2652276,1968705634
vecmul,omp,1,nv=128;len=7168;reps=1000,1,0.242402,228994697142,917504000
vecmul,omp,1,nv=128;len=7168;reps=1000,2,0.231925,228994697142,917504000
vecmul,omp,1,nv=128;len=7168;reps=1000,3,0.233242,228994697142,917504000
vecmul,omp,1,nv=128;len=7168;reps=1000,4,0.233307,228994697142,917504000
vecmul,omp,1,nv=128;len=7168;reps=1000,5,0.239236,228994697142,917504000
matmul,omp,2,n=2048,1,0.941831,2147105167.19786,17179869184
matmul,omp,2,n=2048,2,1.010924,2147105167.19786,17179869184
matmul,omp,2,n=2048,3,0.932777,2147105167.19786,17179869184
matmul,omp,2,n=2048,4,0.931537,2147105167.19786,17179869184
matmul,omp,2,n=2048,5,0.936581,2147105167.19786,17179869184
heat2d,omp,2,n=2048;iters=400,1,1.011665,2027995.35219993,8372232000
heat2d,omp,2,n=2048;iters=400,2,1.012503,2027995.35219993,8372232000
heat2d,omp,2,n=2048;iters=400,3,1.013816,2027995.35219993,8372232000
heat2d,omp,2,n=2048;iters=400,4,1.025571,2027995.35219993,8372232000
heat2d,omp,2,n=2048;iters=400,5,1.012736,2027995.35219993,8372232000
kmeans,omp,2,np=1000000;k=16;d=2,1,1.027447,,28095227.9677246
kmeans,omp,2,np=1000000;k=16;d=2,2,0.992056,,28095227.9677246
kmeans,omp,2,np=1000000;k=16;d=2,3,1.004878,,28095227.9677246
kmeans,omp,2,np=1000000;k=16;d=2,4,1.000430,,28095227.9677246
kmeans,omp,2,np=1000000;k=16;d=2,5,1.008384,,28095227.9677246
map,omp,2,nv=48;len=131072;reps=100,1,0.246306,3144590.43584463,629145600
map,omp,2,nv=48;len=131072;reps=100,2,0.263346,3144590.43584463,629145600
map,omp,2,nv=48;len=131072;reps=100,3,0.259192,3144590.43584463,629145600
map,omp,2,nv=48;len=131072;reps=100,4,0.247834,3144590.43584463,629145600
map,omp,2,nv=48;len=131072;reps=100,5,0.244080,3144590.43584463,629145600
reduction,omp,2,n=33554432;depth=10,1,0.278562,562949945033.194,335544320
reduction,omp,2,n=33554432;depth=10,2,0.257834,562949945033.194,335544320
reduction,omp,2,n=33554432;depth=10,3,0.282868,562949945033.194,335544320
reduction,omp,2,n=33554432;depth=10,4,0.258671,562949945033.194,335544320
reduction,omp,2,n=33554432;depth=10,5,0.247152,562949945033.194,335544320
sparselu,omp,2,n=8192;bs=256,1,0.245019,4629091.2652276,1968705634
sparselu,omp,2,n=8192;bs=256,2,0.248374,4629091.2652276,1968705634
sparselu,omp,2,n=8192;bs=256,3,0.252363,4629091.2652276,1968705634
sparselu,omp,2,n=8192;bs=256,4,0.245206,4629091.2652276,1968705634
sparselu,omp,2,n=8192;bs=256,5,0.254424,4629091.2652276,1968705634
vecmul,omp,2,nv=128;len=7168;reps=1000,1,0.113007,228994697142,917504000
vecmul,omp,2,nv=128;len=7168;reps=1000,2,0.113569,228994697142,917504000
vecmul,omp,2,nv=128;len=7168;reps=1000,3,0.125718,228994697142,917504000
vecmul,omp,2,nv=128;len=7168;reps=1000,4,0.112673,228994697142,917504000
vecmul,omp,2,nv=128;len=7168;reps=1000,5,0.113502,228994697142,917504000
matmul,omp,4,n=2048,1,0.527188,2147105167.19786,17179869184
matmul,omp,4,n=2048,2,0.494548,2147105167.19786,17179869184
matmul,omp,4,n=2048,3,0.478010,2147105167.19786,17179869184
matmul,omp,4,n=2048,4,0.469382,2147105167.19786,17179869184
matmul,omp,4,n=2048,5,0.470430,2147105167.19786,17179869184
heat2d,omp,4,n=2048;iters=400,1,0.737760,2027995.35219993,8372232000
heat2d,omp,4,n=2048;iters=400,2,0.850577,2027995.35219993,8372232000
heat2d,omp,4,n=2048;iters=400,3,0.732053,2027995.35219993,8372232000
heat2d,omp,4,n=2048;iters=400,4,0.762008,2027995.35219993,8372232000
heat2d,omp,4,n=2048;iters=400,5,0.775142,2027995.35219993,8372232000
kmeans,omp,4,np=1000000;k=16;d=2,1,0.634670,,28095227.9677248
kmeans,omp,4,np=1000000;k=16;d=2,2,0.597559,,28095227.9677248
kmeans,omp,4,np=1000000;k=16;d=2,3,0.578613,,28095227.9677248
kmeans,omp,4,np=1000000;k=16;d=2,4,0.583741,,28095227.9677248
kmeans,omp,4,np=1000000;k=16;d=2,5,0.592344,,28095227.9677248
map,omp,4,nv=48;len=131072;reps=100,1,0.216160,3144590.43584463,629145600
map,omp,4,nv=48;len=131072;reps=100,2,0.208022,3144590.43584463,629145600
map,omp,4,nv=48;len=131072;reps=100,3,0.213854,3144590.43584463,629145600
map,omp,4,nv=48;len=131072;reps=100,4,0.219067,3144590.43584463,629145600
map,omp,4,nv=48;len=131072;reps=100,5,0.198468,3144590.43584463,629145600
reduction,omp,4,n=33554432;depth=10,1,0.200436,562949945033.194,335544320
reduction,omp,4,n=33554432;depth=10,2,0.176885,562949945033.194,335544320
reduction,omp,4,n=33554432;depth=10,3,0.182002,562949945033.194,335544320
reduction,omp,4,n=33554432;depth=10,4,0.208189,562949945033.194,335544320
reduction,omp,4,n=33554432;depth=10,5,0.211255,562949945033.194,335544320
sparselu,omp,4,n=8192;bs=256,1,0.164917,4629091.2652276,1968705634
sparselu,omp,4,n=8192;bs=256,2,0.141439,4629091.2652276,1968705634
sparselu,omp,4,n=8192;bs=256,3,0.137872,4629091.2652276,1968705634
sparselu,omp,4,n=8192;bs=256,4,0.167505,4629091.2652276,1968705634
sparselu,omp,4,n=8192;bs=256,5,0.159676,4629091.2652276,1968705634
vecmul,omp,4,nv=128;len=7168;reps=1000,1,0.072668,228994697142,917504000
vecmul,omp,4,nv=128;len=7168;reps=1000,2,0.080534,228994697142,917504000
vecmul,omp,4,nv=128;len=7168;reps=1000,3,0.081633,228994697142,917504000
vecmul,omp,4,nv=128;len=7168;reps=1000,4,0.075909,228994697142,917504000
vecmul,omp,4,nv=128;len=7168;reps=1000,5,0.069025,228994697142,917504000
matmul,omp,8,n=2048,1,0.400713,2147105167.19786,17179869184
matmul,omp,8,n=2048,2,0.396025,2147105167.19786,17179869184
matmul,omp,8,n=2048,3,0.394703,2147105167.19786,17179869184
matmul,omp,8,n=2048,4,0.433500,2147105167.19786,17179869184
matmul,omp,8,n=2048,5,0.376860,2147105167.19786,17179869184
heat2d,omp,8,n=2048;iters=400,1,0.750776,2027995.35219993,8372232000
heat2d,omp,8,n=2048;iters=400,2,0.758490,2027995.35219993,8372232000
heat2d,omp,8,n=2048;iters=400,3,0.774822,2027995.35219993,8372232000
heat2d,omp,8,n=2048;iters=400,4,0.756450,2027995.35219993,8372232000
heat2d,omp,8,n=2048;iters=400,5,0.760438,2027995.35219993,8372232000
kmeans,omp,8,np=1000000;k=16;d=2,1,0.474197,,28095227.9677246
kmeans,omp,8,np=1000000;k=16;d=2,2,0.475134,,28095227.9677246
kmeans,omp,8,np=1000000;k=16;d=2,3,0.474163,,28095227.9677246
kmeans,omp,8,np=1000000;k=16;d=2,4,0.454140,,28095227.9677246
kmeans,omp,8,np=1000000;k=16;d=2,5,0.471442,,28095227.9677246
map,omp,8,nv=48;len=131072;reps=100,1,0.208145,3144590.43584463,629145600
map,omp,8,nv=48;len=131072;reps=100,2,0.210768,3144590.43584463,629145600
map,omp,8,nv=48;len=131072;reps=100,3,0.223489,3144590.43584463,629145600
map,omp,8,nv=48;len=131072;reps=100,4,0.214897,3144590.43584463,629145600
map,omp,8,nv=48;len=131072;reps=100,5,0.212222,3144590.43584463,629145600
reduction,omp,8,n=33554432;depth=10,1,0.186247,562949945033.194,335544320
reduction,omp,8,n=33554432;depth=10,2,0.180620,562949945033.194,335544320
reduction,omp,8,n=33554432;depth=10,3,0.184251,562949945033.194,335544320
reduction,omp,8,n=33554432;depth=10,4,0.178621,562949945033.194,335544320
reduction,omp,8,n=33554432;depth=10,5,0.188288,562949945033.194,335544320
sparselu,omp,8,n=8192;bs=256,1,0.187969,4629091.2652276,1968705634
sparselu,omp,8,n=8192;bs=256,2,0.190244,4629091.2652276,1968705634
sparselu,omp,8,n=8192;bs=256,3,0.203782,4629091.2652276,1968705634
sparselu,omp,8,n=8192;bs=256,4,0.197598,4629091.2652276,1968705634
sparselu,omp,8,n=8192;bs=256,5,0.164252,4629091.2652276,1968705634
vecmul,omp,8,nv=128;len=7168;reps=1000,1,0.123275,228994697142,917504000
vecmul,omp,8,nv=128;len=7168;reps=1000,2,0.086142,228994697142,917504000
vecmul,omp,8,nv=128;len=7168;reps=1000,3,0.087408,228994697142,917504000
vecmul,omp,8,nv=128;len=7168;reps=1000,4,0.075296,228994697142,917504000
vecmul,omp,8,nv=128;len=7168;reps=1000,5,0.079654,228994697142,917504000
matmul,omp,12,n=2048,1,0.373826,2147105167.19786,17179869184
matmul,omp,12,n=2048,2,0.376835,2147105167.19786,17179869184
matmul,omp,12,n=2048,3,0.376698,2147105167.19786,17179869184
matmul,omp,12,n=2048,4,0.380199,2147105167.19786,17179869184
matmul,omp,12,n=2048,5,0.369681,2147105167.19786,17179869184
heat2d,omp,12,n=2048;iters=400,1,0.739023,2027995.35219993,8372232000
heat2d,omp,12,n=2048;iters=400,2,0.713453,2027995.35219993,8372232000
heat2d,omp,12,n=2048;iters=400,3,0.717541,2027995.35219993,8372232000
heat2d,omp,12,n=2048;iters=400,4,0.716739,2027995.35219993,8372232000
heat2d,omp,12,n=2048;iters=400,5,0.711217,2027995.35219993,8372232000
kmeans,omp,12,np=1000000;k=16;d=2,1,0.393859,,28095227.9677246
kmeans,omp,12,np=1000000;k=16;d=2,2,0.394384,,28095227.9677246
kmeans,omp,12,np=1000000;k=16;d=2,3,0.386050,,28095227.9677246
kmeans,omp,12,np=1000000;k=16;d=2,4,0.390360,,28095227.9677246
kmeans,omp,12,np=1000000;k=16;d=2,5,0.386724,,28095227.9677246
map,omp,12,nv=48;len=131072;reps=100,1,0.199167,3144590.43584463,629145600
map,omp,12,nv=48;len=131072;reps=100,2,0.211994,3144590.43584463,629145600
map,omp,12,nv=48;len=131072;reps=100,3,0.201953,3144590.43584463,629145600
map,omp,12,nv=48;len=131072;reps=100,4,0.204764,3144590.43584463,629145600
map,omp,12,nv=48;len=131072;reps=100,5,0.202792,3144590.43584463,629145600
reduction,omp,12,n=33554432;depth=10,1,0.178297,562949945033.194,335544320
reduction,omp,12,n=33554432;depth=10,2,0.173791,562949945033.194,335544320
reduction,omp,12,n=33554432;depth=10,3,0.175978,562949945033.194,335544320
reduction,omp,12,n=33554432;depth=10,4,0.175263,562949945033.194,335544320
reduction,omp,12,n=33554432;depth=10,5,0.170390,562949945033.194,335544320
sparselu,omp,12,n=8192;bs=256,1,0.186354,4629091.2652276,1968705634
sparselu,omp,12,n=8192;bs=256,2,0.202945,4629091.2652276,1968705634
sparselu,omp,12,n=8192;bs=256,3,0.208917,4629091.2652276,1968705634
sparselu,omp,12,n=8192;bs=256,4,0.255679,4629091.2652276,1968705634
sparselu,omp,12,n=8192;bs=256,5,0.228194,4629091.2652276,1968705634
vecmul,omp,12,nv=128;len=7168;reps=1000,1,0.136788,228994697142,917504000
vecmul,omp,12,nv=128;len=7168;reps=1000,2,0.144699,228994697142,917504000
vecmul,omp,12,nv=128;len=7168;reps=1000,3,0.143241,228994697142,917504000
vecmul,omp,12,nv=128;len=7168;reps=1000,4,0.141040,228994697142,917504000
vecmul,omp,12,nv=128;len=7168;reps=1000,5,0.144864,228994697142,917504000
matmul,omp,16,n=2048,1,0.323130,2147105167.19786,17179869184
matmul,omp,16,n=2048,2,0.345788,2147105167.19786,17179869184
matmul,omp,16,n=2048,3,0.337283,2147105167.19786,17179869184
matmul,omp,16,n=2048,4,0.356649,2147105167.19786,17179869184
matmul,omp,16,n=2048,5,0.346013,2147105167.19786,17179869184
heat2d,omp,16,n=2048;iters=400,1,0.751094,2027995.35219993,8372232000
heat2d,omp,16,n=2048;iters=400,2,0.754798,2027995.35219993,8372232000
heat2d,omp,16,n=2048;iters=400,3,0.749488,2027995.35219993,8372232000
heat2d,omp,16,n=2048;iters=400,4,0.766961,2027995.35219993,8372232000
heat2d,omp,16,n=2048;iters=400,5,0.755193,2027995.35219993,8372232000
kmeans,omp,16,np=1000000;k=16;d=2,1,0.338954,,28095227.9677245
kmeans,omp,16,np=1000000;k=16;d=2,2,0.332689,,28095227.9677245
kmeans,omp,16,np=1000000;k=16;d=2,3,0.348830,,28095227.9677245
kmeans,omp,16,np=1000000;k=16;d=2,4,0.333165,,28095227.9677245
kmeans,omp,16,np=1000000;k=16;d=2,5,0.339336,,28095227.9677245
map,omp,16,nv=48;len=131072;reps=100,1,0.202691,3144590.43584463,629145600
map,omp,16,nv=48;len=131072;reps=100,2,0.203839,3144590.43584463,629145600
map,omp,16,nv=48;len=131072;reps=100,3,0.199314,3144590.43584463,629145600
map,omp,16,nv=48;len=131072;reps=100,4,0.202368,3144590.43584463,629145600
map,omp,16,nv=48;len=131072;reps=100,5,0.216828,3144590.43584463,629145600
reduction,omp,16,n=33554432;depth=10,1,0.175047,562949945033.194,335544320
reduction,omp,16,n=33554432;depth=10,2,0.176844,562949945033.194,335544320
reduction,omp,16,n=33554432;depth=10,3,0.181352,562949945033.194,335544320
reduction,omp,16,n=33554432;depth=10,4,0.174870,562949945033.194,335544320
reduction,omp,16,n=33554432;depth=10,5,0.177347,562949945033.194,335544320
sparselu,omp,16,n=8192;bs=256,1,0.157086,4629091.2652276,1968705634
sparselu,omp,16,n=8192;bs=256,2,0.195174,4629091.2652276,1968705634
sparselu,omp,16,n=8192;bs=256,3,0.259070,4629091.2652276,1968705634
sparselu,omp,16,n=8192;bs=256,4,0.228698,4629091.2652276,1968705634
sparselu,omp,16,n=8192;bs=256,5,0.256218,4629091.2652276,1968705634
vecmul,omp,16,nv=128;len=7168;reps=1000,1,0.221994,228994697142,917504000
vecmul,omp,16,nv=128;len=7168;reps=1000,2,0.212059,228994697142,917504000
vecmul,omp,16,nv=128;len=7168;reps=1000,3,0.211195,228994697142,917504000
vecmul,omp,16,nv=128;len=7168;reps=1000,4,0.197002,228994697142,917504000
vecmul,omp,16,nv=128;len=7168;reps=1000,5,0.189914,228994697142,917504000
