benchmark,impl,dist,sched,vicinity,rep,seconds,checksum
map,omp,n/a,n/a,0,1,0.040356,1032059.74409489
map,ps,coarse,standard,0,1,0.039035,1032059.74409489
map,ps,coarse,locality,0,1,0.048781,1032059.74409489
map,ps,coarse,locality,1,1,0.054777,1032059.74409489
map,ps,coarse,locality,2,1,0.061012,1032059.74409489
map,ps,fine,locality,0,1,0.040421,1032059.74409489
vecmul,omp,n/a,n/a,0,1,0.176438,914953151783
vecmul,ps,coarse,standard,0,1,0.183826,914953151783
vecmul,ps,coarse,locality,0,1,0.175662,914953151783
vecmul,ps,coarse,locality,1,1,0.183766,914953151783
vecmul,ps,coarse,locality,2,1,0.163988,914953151783
vecmul,ps,fine,locality,0,1,0.170167,914953151783
reduction,omp,n/a,n/a,0,1,0.171691,562949945033.194
reduction,ps,coarse,standard,0,1,0.218133,562949945033.194
reduction,ps,coarse,locality,0,1,0.212975,562949945033.194
reduction,ps,coarse,locality,1,1,0.264033,562949945033.194
reduction,ps,coarse,locality,2,1,0.226973,562949945033.194
reduction,ps,fine,locality,0,1,0.199940,562949945033.194
matmul,omp,n/a,n/a,0,1,0.053844,268531360.868891
matmul,ps,coarse,standard,0,1,0.043043,268531360.868891
matmul,ps,coarse,locality,0,1,0.041413,268531360.868891
matmul,ps,coarse,locality,1,1,0.106090,268531360.868891
matmul,ps,coarse,locality,2,1,0.063594,268531360.868891
matmul,ps,fine,locality,0,1,0.041892,268531360.868891
map,omp,n/a,n/a,0,2,0.052227,1032059.74409489
map,ps,coarse,standard,0,2,0.037777,1032059.74409489
map,ps,coarse,locality,0,2,0.038897,1032059.74409489
map,ps,coarse,locality,1,2,0.049793,1032059.74409489
map,ps,coarse,locality,2,2,0.040989,1032059.74409489
map,ps,fine,locality,0,2,0.037618,1032059.74409489
vecmul,omp,n/a,n/a,0,2,0.181285,914953151783
vecmul,ps,coarse,standard,0,2,0.174864,914953151783
vecmul,ps,coarse,locality,0,2,0.168530,914953151783
vecmul,ps,coarse,locality,1,2,0.167956,914953151783
vecmul,ps,coarse,locality,2,2,0.167163,914953151783
vecmul,ps,fine,locality,0,2,0.171454,914953151783
reduction,omp,n/a,n/a,0,2,0.174108,562949945033.194
reduction,ps,coarse,standard,0,2,0.188514,562949945033.194
reduction,ps,coarse,locality,0,2,0.185554,562949945033.194
reduction,ps,coarse,locality,1,2,0.242187,562949945033.194
reduction,ps,coarse,locality,2,2,0.210680,562949945033.194
reduction,ps,fine,locality,0,2,0.176876,562949945033.194
matmul,omp,n/a,n/a,0,2,0.055451,268531360.868891
matmul,ps,coarse,standard,0,2,0.042689,268531360.868891
matmul,ps,coarse,locality,0,2,0.044671,268531360.868891
matmul,ps,coarse,locality,1,2,0.101987,268531360.868891
matmul,ps,coarse,locality,2,2,0.067900,268531360.868891
matmul,ps,fine,locality,0,2,0.042856,268531360.868891
map,omp,n/a,n/a,0,3,0.049942,1032059.74409489
map,ps,coarse,standard,0,3,0.038790,1032059.74409489
map,ps,coarse,locality,0,3,0.057087,1032059.74409489
map,ps,coarse,locality,1,3,0.054039,1032059.74409489
map,ps,coarse,locality,2,3,0.040110,1032059.74409489
map,ps,fine,locality,0,3,0.041732,1032059.74409489
vecmul,omp,n/a,n/a,0,3,0.185425,914953151783
vecmul,ps,coarse,standard,0,3,0.174772,914953151783
vecmul,ps,coarse,locality,0,3,0.185993,914953151783
vecmul,ps,coarse,locality,1,3,0.168222,914953151783
vecmul,ps,coarse,locality,2,3,0.180096,914953151783
vecmul,ps,fine,locality,0,3,0.169585,914953151783
reduction,omp,n/a,n/a,0,3,0.171242,562949945033.194
reduction,ps,coarse,standard,0,3,0.203272,562949945033.194
reduction,ps,coarse,locality,0,3,0.181074,562949945033.194
reduction,ps,coarse,locality,1,3,0.248252,562949945033.194
reduction,ps,coarse,locality,2,3,0.206004,562949945033.194
reduction,ps,fine,locality,0,3,0.196700,562949945033.194
matmul,omp,n/a,n/a,0,3,0.047387,268531360.868891
matmul,ps,coarse,standard,0,3,0.039077,268531360.868891
matmul,ps,coarse,locality,0,3,0.040716,268531360.868891
matmul,ps,coarse,locality,1,3,0.103261,268531360.868891
matmul,ps,coarse,locality,2,3,0.065359,268531360.868891
matmul,ps,fine,locality,0,3,0.044319,268531360.868891
map,omp,n/a,n/a,0,4,0.047992,1032059.74409489
map,ps,coarse,standard,0,4,0.036128,1032059.74409489
map,ps,coarse,locality,0,4,0.051857,1032059.74409489
map,ps,coarse,locality,1,4,0.038252,1032059.74409489
map,ps,coarse,locality,2,4,0.035323,1032059.74409489
map,ps,fine,locality,0,4,0.035144,1032059.74409489
vecmul,omp,n/a,n/a,0,4,0.191441,914953151783
vecmul,ps,coarse,standard,0,4,0.154188,914953151783
vecmul,ps,coarse,locality,0,4,0.189011,914953151783
vecmul,ps,coarse,locality,1,4,0.170329,914953151783
vecmul,ps,coarse,locality,2,4,0.169396,914953151783
vecmul,ps,fine,locality,0,4,0.174254,914953151783
reduction,omp,n/a,n/a,0,4,0.174496,562949945033.194
reduction,ps,coarse,standard,0,4,0.189736,562949945033.194
reduction,ps,coarse,locality,0,4,0.184043,562949945033.194
reduction,ps,coarse,locality,1,4,0.248155,562949945033.194
reduction,ps,coarse,locality,2,4,0.219735,562949945033.194
reduction,ps,fine,locality,0,4,0.191080,562949945033.194
matmul,omp,n/a,n/a,0,4,0.053446,268531360.868891
matmul,ps,coarse,standard,0,4,0.039987,268531360.868891
matmul,ps,coarse,locality,0,4,0.041511,268531360.868891
matmul,ps,coarse,locality,1,4,0.102766,268531360.868891
matmul,ps,coarse,locality,2,4,0.063499,268531360.868891
matmul,ps,fine,locality,0,4,0.042059,268531360.868891
map,omp,n/a,n/a,0,5,0.045995,1032059.74409489
map,ps,coarse,standard,0,5,0.037048,1032059.74409489
map,ps,coarse,locality,0,5,0.041107,1032059.74409489
map,ps,coarse,locality,1,5,0.045655,1032059.74409489
map,ps,coarse,locality,2,5,0.046751,1032059.74409489
map,ps,fine,locality,0,5,0.037204,1032059.74409489
vecmul,omp,n/a,n/a,0,5,0.180606,914953151783
vecmul,ps,coarse,standard,0,5,0.176235,914953151783
vecmul,ps,coarse,locality,0,5,0.175143,914953151783
vecmul,ps,coarse,locality,1,5,0.174800,914953151783
vecmul,ps,coarse,locality,2,5,0.175547,914953151783
vecmul,ps,fine,locality,0,5,0.171780,914953151783
reduction,omp,n/a,n/a,0,5,0.172465,562949945033.194
reduction,ps,coarse,standard,0,5,0.187891,562949945033.194
reduction,ps,coarse,locality,0,5,0.208892,562949945033.194
reduction,ps,coarse,locality,1,5,0.254458,562949945033.194
reduction,ps,coarse,locality,2,5,0.220289,562949945033.194
reduction,ps,fine,locality,0,5,0.196630,562949945033.194
matmul,omp,n/a,n/a,0,5,0.050229,268531360.868891
matmul,ps,coarse,standard,0,5,0.043087,268531360.868891
matmul,ps,coarse,locality,0,5,0.044028,268531360.868891
matmul,ps,coarse,locality,1,5,0.107887,268531360.868891
matmul,ps,coarse,locality,2,5,0.065340,268531360.868891
matmul,ps,fine,locality,0,5,0.043298,268531360.868891
